{"cameraMode":{"drawMode":0,"name":"Shaded","section":"Shading Mode"},"sceneLighting":true,"audioPlay":false,"sceneViewState":{"showFog":true,"showMaterialUpdate":false,"showSkybox":true,"showFlares":true,"showImageEffects":true,"showParticleSystems":true},"in2DMode":false,"pivot":{"x":0.22643309831619264,"y":23.949207305908204,"z":-11.088848114013672},"rotation":{"x":-0.707755446434021,"y":0.0004203352436888963,"z":-0.00042395119089633226,"w":-0.706466019153595},"size":5.890187740325928,"orthographic":false}