{"cameraMode":{"drawMode":0,"name":"Shaded","section":"Shading Mode"},"sceneLighting":false,"audioPlay":false,"sceneViewState":{"showFog":true,"showMaterialUpdate":false,"showSkybox":false,"showFlares":true,"showImageEffects":true,"showParticleSystems":true},"in2DMode":false,"pivot":{"x":-9.574695587158204,"y":0.13534970581531526,"z":-2.760364055633545},"rotation":{"x":-0.035626452416181567,"y":0.9061598777770996,"z":-0.0779486671090126,"w":-0.4141582250595093},"size":17.502338409423829,"orthographic":false}